{"cameraMode":{"drawMode":0,"name":"Shaded","section":"Shading Mode"},"sceneLighting":false,"audioPlay":false,"sceneViewState":{"showFog":true,"showMaterialUpdate":false,"showSkybox":false,"showFlares":true,"showImageEffects":true,"showParticleSystems":true},"in2DMode":false,"pivot":{"x":0.4778125286102295,"y":-0.12298107147216797,"z":0.3932933807373047},"rotation":{"x":-0.1356630176305771,"y":-0.2428385317325592,"z":0.03432030603289604,"w":-0.9599264860153198},"size":22.764080047607423,"orthographic":false}