{"cameraMode":{"drawMode":0,"name":"Shaded","section":"Shading Mode"},"sceneLighting":false,"audioPlay":false,"sceneViewState":{"showFog":true,"showMaterialUpdate":false,"showSkybox":false,"showFlares":true,"showImageEffects":true,"showParticleSystems":true},"in2DMode":false,"pivot":{"x":2.0827760696411135,"y":-0.48644018173217776,"z":-12.014601707458496},"rotation":{"x":0.0034754383377730848,"y":0.9960833191871643,"z":-0.07574508339166641,"w":0.045777834951877597},"size":6.973605155944824,"orthographic":false}