{"cameraMode":{"drawMode":0,"name":"Shaded","section":"Shading Mode"},"sceneLighting":false,"audioPlay":false,"sceneViewState":{"showFog":true,"showMaterialUpdate":false,"showSkybox":false,"showFlares":true,"showImageEffects":true,"showParticleSystems":true},"in2DMode":false,"pivot":{"x":-4.88082218170166,"y":10.868062973022461,"z":-15.712080955505371},"rotation":{"x":-0.17600901424884797,"y":-0.10195738822221756,"z":0.01833326555788517,"w":-0.9789283871650696},"size":6.19680118560791,"orthographic":false}