{"cameraMode":{"drawMode":0,"name":"Shaded","section":"Shading Mode"},"sceneLighting":false,"audioPlay":false,"sceneViewState":{"showFog":true,"showMaterialUpdate":false,"showSkybox":false,"showFlares":true,"showImageEffects":true,"showParticleSystems":true},"in2DMode":false,"pivot":{"x":-1.350000023841858,"y":0.19999998807907105,"z":4.039999961853027},"rotation":{"x":0.15282748639583589,"y":0.8267375826835632,"z":-0.26884347200393679,"w":0.4699907898902893},"size":5.207107067108154,"orthographic":false}